<PAMDataset>
  <PAMRasterBand band="1">
    <Histograms>
      <HistItem>
        <HistMin>0</HistMin>
        <HistMax>30895.63671875</HistMax>
        <BucketCount>256</BucketCount>
        <IncludeOutOfRange>1</IncludeOutOfRange>
        <Approximate>0</Approximate>
        <HistCounts>2665|0|0|0|0|0|0|0|1340|0|0|681|0|0|0|0|626|0|780|0|0|0|0|462|217|442|257|0|0|460|128|0|191|379|345|128|301|108|0|0|304|564|155|92|164|86|115|178|341|135|220|139|277|143|68|127|73|261|273|247|160|8|100|160|104|267|141|209|63|89|204|127|37|186|82|218|138|162|79|29|32|204|163|179|79|114|43|99|118|130|98|96|140|139|78|77|69|110|112|115|135|103|43|82|84|81|125|82|104|58|92|88|48|60|97|58|83|100|54|66|42|48|54|80|50|61|35|69|15|56|48|29|15|53|33|45|25|25|16|27|25|49|26|14|24|22|18|27|15|13|27|22|16|20|9|20|11|9|23|15|9|4|16|3|12|8|16|10|9|6|9|6|5|8|7|14|4|7|6|6|5|4|1|12|5|6|5|2|3|0|4|8|6|2|3|4|1|3|3|2|9|6|1|2|2|2|4|0|10|4|2|3|1|2|3|1|8|4|2|2|2|1|2|0|4|6|2|4|1|2|0|2|2|5|1|1|1|0|0|1|1|3|2|2|0|0|0|1|0|0|4|1|0|0|0|1</HistCounts>
      </HistItem>
    </Histograms>
    <Metadata>
      <MDI key="RepresentationType">ATHEMATIC</MDI>
      <MDI key="STATISTICS_COVARIANCES">27224796.22476861</MDI>
      <MDI key="STATISTICS_EXCLUDEDVALUES"></MDI>
      <MDI key="STATISTICS_MAXIMUM">30895.63671875</MDI>
      <MDI key="STATISTICS_MEAN">6390.0425913856</MDI>
      <MDI key="STATISTICS_MINIMUM">0</MDI>
      <MDI key="STATISTICS_SKIPFACTORX">1</MDI>
      <MDI key="STATISTICS_SKIPFACTORY">1</MDI>
      <MDI key="STATISTICS_STDDEV">5217.7386121546</MDI>
    </Metadata>
  </PAMRasterBand>
</PAMDataset>
