<PAMDataset>
  <PAMRasterBand band="1">
    <Histograms>
      <HistItem>
        <HistMin>0</HistMin>
        <HistMax>30886.890625</HistMax>
        <BucketCount>256</BucketCount>
        <IncludeOutOfRange>1</IncludeOutOfRange>
        <Approximate>0</Approximate>
        <HistCounts>2659|0|0|0|0|0|0|0|1326|0|0|670|0|0|0|0|622|0|769|0|0|0|0|460|389|0|521|0|0|583|0|0|0|331|451|251|405|0|0|0|0|722|295|0|340|0|204|0|316|212|259|0|560|0|0|267|0|178|358|226|183|0|220|0|202|0|504|0|146|0|266|143|0|170|239|0|270|144|110|0|0|208|312|0|101|116|96|122|102|98|80|86|194|55|175|0|176|0|0|322|149|0|72|84|72|120|0|253|54|0|130|69|110|0|122|88|75|49|99|52|42|49|91|69|59|41|67|0|86|30|57|0|33|66|48|27|40|22|18|0|82|25|28|0|41|0|55|14|37|6|5|33|22|19|3|23|8|20|26|5|11|0|16|11|2|20|8|11|2|5|17|7|1|13|11|7|4|7|8|0|1|20|4|2|5|5|2|1|6|4|8|2|7|1|1|3|4|0|11|6|1|1|1|6|1|0|11|4|2|1|5|1|1|0|12|2|2|2|2|1|0|2|8|2|2|4|1|1|1|3|0|5|2|1|0|0|2|0|0|5|2|0|0|1|0|0|0|4|2|0|0|0|0|0|0|1</HistCounts>
      </HistItem>
    </Histograms>
    <Metadata>
      <MDI key="RepresentationType">ATHEMATIC</MDI>
      <MDI key="STATISTICS_COVARIANCES">27306976.37862388</MDI>
      <MDI key="STATISTICS_EXCLUDEDVALUES"></MDI>
      <MDI key="STATISTICS_MAXIMUM">30886.890625</MDI>
      <MDI key="STATISTICS_MEAN">6430.825167166</MDI>
      <MDI key="STATISTICS_MINIMUM">0</MDI>
      <MDI key="STATISTICS_SKIPFACTORX">1</MDI>
      <MDI key="STATISTICS_SKIPFACTORY">1</MDI>
      <MDI key="STATISTICS_STDDEV">5225.6077520824</MDI>
    </Metadata>
  </PAMRasterBand>
</PAMDataset>
