<PAMDataset>
  <PAMRasterBand band="1">
    <Histograms>
      <HistItem>
        <HistMin>0</HistMin>
        <HistMax>30610.455078125</HistMax>
        <BucketCount>256</BucketCount>
        <IncludeOutOfRange>1</IncludeOutOfRange>
        <Approximate>0</Approximate>
        <HistCounts>2326|0|0|0|0|0|0|0|1837|0|0|885|0|0|0|0|908|0|1066|0|0|0|0|619|558|0|722|0|0|0|743|0|0|442|555|294|0|479|0|0|0|826|345|0|374|0|0|214|348|236|277|0|291|288|0|267|0|0|555|0|391|0|0|205|0|203|150|331|145|0|106|270|0|0|245|108|242|0|110|97|0|0|183|262|82|88|79|0|97|79|71|68|63|136|171|0|0|119|0|59|178|90|0|43|47|44|70|0|142|35|0|59|34|43|0|19|80|34|14|35|13|19|15|33|32|18|23|20|0|20|17|18|0|21|21|16|6|15|5|8|0|36|10|11|0|16|0|14|6|16|18|0|10|19|5|5|4|5|17|9|15|9|0|4|9|7|15|6|8|3|4|11|0|4|7|11|5|3|7|2|3|1|7|12|8|0|3|4|5|4|2|11|3|2|6|4|4|1|4|5|9|5|2|2|2|2|7|0|11|0|4|0|7|3|3|0|7|1|7|2|2|2|1|2|8|2|3|1|1|3|3|3|1|3|2|4|2|0|3|0|2|5|3|2|0|2|0|4|2|1|1|0|0|3|0|1</HistCounts>
      </HistItem>
    </Histograms>
    <Metadata>
      <MDI key="RepresentationType">ATHEMATIC</MDI>
      <MDI key="STATISTICS_COVARIANCES">21744781.94311354</MDI>
      <MDI key="STATISTICS_EXCLUDEDVALUES"></MDI>
      <MDI key="STATISTICS_MAXIMUM">30610.455078125</MDI>
      <MDI key="STATISTICS_MEAN">5340.2785332817</MDI>
      <MDI key="STATISTICS_MINIMUM">0</MDI>
      <MDI key="STATISTICS_SKIPFACTORX">1</MDI>
      <MDI key="STATISTICS_SKIPFACTORY">1</MDI>
      <MDI key="STATISTICS_STDDEV">4663.1300585673</MDI>
    </Metadata>
  </PAMRasterBand>
</PAMDataset>
