<PAMDataset>
  <PAMRasterBand band="1">
    <Histograms>
      <HistItem>
        <HistMin>0</HistMin>
        <HistMax>8.721460022685857</HistMax>
        <BucketCount>256</BucketCount>
        <IncludeOutOfRange>1</IncludeOutOfRange>
        <Approximate>0</Approximate>
        <HistCounts>13056|18|23|16|18|15|10|8|8|13|9|14|20|16|16|16|13|19|17|11|17|16|17|14|14|18|22|25|23|34|46|50|27|27|21|19|24|18|15|17|9|12|12|8|8|6|9|11|6|9|10|4|7|5|5|10|9|7|1|2|2|2|5|4|4|0|5|3|4|1|1|4|2|2|6|5|1|3|5|2|3|1|4|2|0|3|2|1|0|1|2|1|0|0|0|5|1|0|1|1|2|2|2|0|3|2|1|1|0|1|1|1|3|2|0|2|2|1|1|1|0|1|1|1|0|0|0|0|1|1|0|1|0|1|0|0|1|0|0|0|1|1|1|1|0|0|0|1|0|0|0|0|1|0|0|0|1|1|1|1|0|0|0|0|0|1|0|0|1|0|0|1|0|0|0|0|0|0|0|0|0|0|0|0|0|0|1|0|0|0|1|1|0|0|1|0|0|1|0|0|0|0|0|0|0|0|0|0|0|0|0|0|0|0|0|0|0|0|0|0|0|0|0|0|0|0|0|0|0|0|0|0|0|0|0|0|0|0|0|0|0|0|0|0|0|0|0|0|0|0|1|0|0|0|0|1</HistCounts>
      </HistItem>
    </Histograms>
    <Metadata>
      <MDI key="RepresentationType">ATHEMATIC</MDI>
      <MDI key="STATISTICS_COVARIANCES">0.1946858008412054</MDI>
      <MDI key="STATISTICS_EXCLUDEDVALUES"></MDI>
      <MDI key="STATISTICS_MAXIMUM">8.7214600226859</MDI>
      <MDI key="STATISTICS_MEAN">0.093667837373046</MDI>
      <MDI key="STATISTICS_MINIMUM">0</MDI>
      <MDI key="STATISTICS_SKIPFACTORX">1</MDI>
      <MDI key="STATISTICS_SKIPFACTORY">1</MDI>
      <MDI key="STATISTICS_STDDEV">0.44123213940193</MDI>
    </Metadata>
  </PAMRasterBand>
</PAMDataset>
