<PAMDataset>
  <Metadata>
    <MDI key="DataType">Generic</MDI>
  </Metadata>
  <PAMRasterBand band="1">
    <Description>Band_1</Description>
    <Histograms>
      <HistItem>
        <HistMin>0</HistMin>
        <HistMax>64.41094207763672</HistMax>
        <BucketCount>256</BucketCount>
        <IncludeOutOfRange>1</IncludeOutOfRange>
        <Approximate>0</Approximate>
        <HistCounts>413|0|0|268|135|208|0|105|329|44|0|216|263|0|205|67|322|135|32|241|179|142|115|203|162|181|94|145|263|86|118|154|180|151|97|129|214|150|53|209|169|82|135|150|151|140|71|147|152|112|109|130|104|139|99|110|125|100|105|116|75|94|103|81|104|70|94|87|69|61|102|57|77|59|81|62|66|50|85|63|60|56|74|53|59|47|61|55|47|51|48|33|58|35|51|32|45|36|45|37|45|41|38|45|31|38|51|32|38|34|43|38|33|42|40|34|26|52|34|29|31|42|40|24|34|39|37|24|33|35|28|38|25|36|33|26|27|35|30|26|26|32|31|26|22|35|22|28|28|27|27|25|22|28|27|21|28|22|21|27|19|25|24|19|28|21|17|25|23|15|25|15|19|28|12|27|16|18|26|14|18|22|18|12|25|12|16|23|12|22|12|16|19|13|14|17|14|13|19|12|13|16|11|17|11|14|14|12|10|13|14|8|17|11|9|13|10|12|8|11|10|10|7|10|12|5|12|7|8|9|6|7|7|7|4|9|5|5|6|5|5|5|3|3|6|1|4|3|3|3|2|2|2|1|1|2</HistCounts>
      </HistItem>
    </Histograms>
    <Metadata>
      <MDI key="BandName">Band_1</MDI>
      <MDI key="RepresentationType">ATHEMATIC</MDI>
      <MDI key="STATISTICS_EXCLUDEDVALUES"></MDI>
      <MDI key="STATISTICS_MAXIMUM">64.410942077637</MDI>
      <MDI key="STATISTICS_MEAN">16.261742085034</MDI>
      <MDI key="STATISTICS_MEDIAN">nan</MDI>
      <MDI key="STATISTICS_MINIMUM">0</MDI>
      <MDI key="STATISTICS_SKIPFACTORX">1</MDI>
      <MDI key="STATISTICS_SKIPFACTORY">1</MDI>
      <MDI key="STATISTICS_STDDEV">13.858674270356</MDI>
    </Metadata>
  </PAMRasterBand>
</PAMDataset>
