<PAMDataset>
  <Metadata>
    <MDI key="DataType">Generic</MDI>
  </Metadata>
  <PAMRasterBand band="1">
    <Description>Band_1</Description>
    <Histograms>
      <HistItem>
        <HistMin>0</HistMin>
        <HistMax>66.29542541503906</HistMax>
        <BucketCount>256</BucketCount>
        <IncludeOutOfRange>1</IncludeOutOfRange>
        <Approximate>0</Approximate>
        <HistCounts>1296|0|0|470|231|252|160|2|197|305|119|93|0|305|93|64|163|116|118|168|106|91|58|131|142|37|137|118|79|123|90|30|147|95|79|53|111|97|47|76|118|55|52|122|37|64|100|55|74|69|63|95|23|89|59|47|92|48|29|77|65|44|60|51|71|35|51|60|42|30|85|37|42|67|44|68|52|33|63|52|47|63|23|70|48|34|64|49|49|59|57|51|54|53|51|35|45|70|35|47|64|39|65|50|49|52|62|54|55|40|72|45|34|70|43|53|65|55|63|55|44|77|32|52|63|40|54|55|31|66|47|44|53|38|71|50|39|51|51|36|49|33|50|40|41|53|46|39|46|40|48|42|35|52|33|36|44|36|47|53|33|46|36|42|47|37|43|39|33|40|45|31|55|31|42|40|40|39|40|25|51|25|24|40|23|28|36|21|40|30|19|22|12|25|20|16|25|16|9|27|11|21|18|15|15|11|8|15|9|13|19|8|13|8|10|13|13|4|19|4|10|7|5|13|5|4|21|7|6|13|5|11|4|2|9|3|3|8|4|8|2|1|8|2|1|8|2|4|2|0|4|0|0|4|0|4</HistCounts>
      </HistItem>
    </Histograms>
    <Metadata>
      <MDI key="BandName">Band_1</MDI>
      <MDI key="RepresentationType">ATHEMATIC</MDI>
      <MDI key="STATISTICS_EXCLUDEDVALUES"></MDI>
      <MDI key="STATISTICS_MAXIMUM">66.295425415039</MDI>
      <MDI key="STATISTICS_MEAN">18.689925330275</MDI>
      <MDI key="STATISTICS_MEDIAN">nan</MDI>
      <MDI key="STATISTICS_MINIMUM">0</MDI>
      <MDI key="STATISTICS_SKIPFACTORX">1</MDI>
      <MDI key="STATISTICS_SKIPFACTORY">1</MDI>
      <MDI key="STATISTICS_STDDEV">16.412670299922</MDI>
    </Metadata>
  </PAMRasterBand>
</PAMDataset>
