<?xml version="1.0" encoding="UTF-8"?>
<metadata xml:lang="en"><Esri><CreaDate>20220713</CreaDate><CreaTime>14463800</CreaTime><ArcGISFormat>1.0</ArcGISFormat><SyncOnce>TRUE</SyncOnce><DataProperties><lineage><Process ToolSource="c:\program files\arcgis\pro\Resources\ArcToolbox\Toolboxes\Data Management Tools.tbx\Rename" Date="20220713" Time="144638">Rename C:\Data\Prioritization\WheretToWork\on3_pilot\Tiffs\R1km_T_SAR_GrasshopperSparrow,pratensissubspecies.tif C:\Data\Prioritization\WheretToWork\on3_pilot\Tiffs\R1km_T_SAR_GrasshopperSparrowpratensissubspecies.tif RasterDataset</Process></lineage></DataProperties></Esri></metadata>
