<PAMDataset>
  <PAMRasterBand band="1">
    <Histograms>
      <HistItem>
        <HistMin>-0.352674812078476</HistMin>
        <HistMax>0.890720546245575</HistMax>
        <BucketCount>256</BucketCount>
        <IncludeOutOfRange>1</IncludeOutOfRange>
        <Approximate>0</Approximate>
        <HistCounts>1|0|0|0|0|0|0|0|1|0|0|0|0|0|0|0|1|1|0|0|0|0|1|0|0|1|0|1|0|1|2|1|2|2|0|4|1|7|5|7|8|7|5|7|3|4|6|4|8|2|4|3|10|8|7|12|9|8|12|16|11|11|15|17|21|22|22|19|22|18|11|17|15|29|21|23|19|16|11|21|22|24|18|10|11|17|10|11|13|8|20|11|6|17|21|6|12|13|11|25|8|11|15|12|12|12|12|8|5|10|5|2|8|10|11|5|8|4|4|8|14|2|8|10|4|3|6|5|3|8|1|5|6|7|1|6|8|3|7|6|7|9|5|4|5|2|6|5|10|7|2|4|2|9|8|4|5|7|11|7|3|6|7|6|8|6|6|10|12|4|11|9|7|7|13|7|12|6|6|9|17|15|12|15|11|18|20|21|22|27|22|27|38|33|38|49|44|64|70|73|75|92|104|96|102|118|142|147|167|172|168|213|195|243|252|250|255|298|317|291|314|302|343|354|314|348|317|330|342|334|344|359|325|334|305|346|303|307|294|263|248|257|206|225|198|172|147|128|84|69|57|40|40|18|8|1</HistCounts>
      </HistItem>
    </Histograms>
    <Metadata>
      <MDI key="STATISTICS_COVARIANCES">0.04126461107778637</MDI>
      <MDI key="STATISTICS_EXCLUDEDVALUES"></MDI>
      <MDI key="STATISTICS_MAXIMUM">0.89072054624557</MDI>
      <MDI key="STATISTICS_MEAN">0.68444752303002</MDI>
      <MDI key="STATISTICS_MEDIAN">0.739563</MDI>
      <MDI key="STATISTICS_MINIMUM">-0.35267481207848</MDI>
      <MDI key="STATISTICS_SKIPFACTORX">1</MDI>
      <MDI key="STATISTICS_SKIPFACTORY">1</MDI>
      <MDI key="STATISTICS_STDDEV">0.20313692691824</MDI>
    </Metadata>
  </PAMRasterBand>
</PAMDataset>
