<?xml version="1.0" encoding="UTF-8"?>
<metadata xml:lang="en"><Esri><CreaDate>20220711</CreaDate><CreaTime>09440500</CreaTime><ArcGISFormat>1.0</ArcGISFormat><SyncOnce>TRUE</SyncOnce><DataProperties><lineage><Process ToolSource="c:\program files\arcgis\pro\Resources\ArcToolbox\toolboxes\Spatial Analyst Tools.tbx\ExtractByMask" Date="20220711" Time="094405">ExtractByMask hd.tif C:\Data\Prioritization\WheretToWork\on3_pilot\Tiffs\R1km_AOI.tif C:\Data\Prioritization\WheretToWork\on3_pilot\Tiffs\R1km_W_Human_Disturbance2.tif</Process><Process ToolSource="c:\program files\arcgis\pro\Resources\ArcToolbox\toolboxes\Data Management Tools.tbx\Rename" Date="20220711" Time="094600">Rename C:\Data\Prioritization\WheretToWork\on3_pilot\Tiffs\R1km_W_Human_Disturbance2.tif C:\Data\Prioritization\WheretToWork\on3_pilot\Tiffs\R1km_W_Human_Disturbance.tif RasterDataset</Process></lineage></DataProperties></Esri></metadata>
