<?xml version="1.0" encoding="UTF-8"?>
<metadata xml:lang="en"><Esri><CreaDate>20220727</CreaDate><CreaTime>14543800</CreaTime><ArcGISFormat>1.0</ArcGISFormat><SyncOnce>TRUE</SyncOnce><DataProperties><lineage><Process ToolSource="c:\program files\arcgis\pro\Resources\ArcToolbox\toolboxes\Spatial Analyst Tools.tbx\Times" Date="20220727" Time="145438">Times R1km_W_LinearDensity_Roads_ha.tif 10 C:\Data\Prioritization\WheretToWork\on3_pilot\Tiffs\R1km_W_LinearDensity_Roads_km2.tif</Process></lineage></DataProperties></Esri></metadata>
