<PAMDataset>
  <Metadata>
    <MDI key="DataType">Generic</MDI>
  </Metadata>
  <PAMRasterBand band="1">
    <Description>Band_1</Description>
    <Histograms>
      <HistItem>
        <HistMin>0</HistMin>
        <HistMax>6.893214702606201</HistMax>
        <BucketCount>256</BucketCount>
        <IncludeOutOfRange>1</IncludeOutOfRange>
        <Approximate>0</Approximate>
        <HistCounts>1722|81|73|108|110|86|105|83|88|102|91|103|81|109|103|81|102|105|108|105|102|114|112|127|144|117|134|140|172|138|117|133|164|154|151|149|122|152|137|176|148|154|169|162|183|155|172|162|172|158|168|155|166|173|181|128|151|151|140|152|135|137|146|145|133|137|115|135|132|115|121|105|119|112|123|100|96|126|83|77|96|88|82|78|88|65|72|72|79|68|52|66|63|46|58|35|44|45|53|46|45|31|35|34|38|33|27|30|32|26|32|13|27|16|23|14|23|23|13|19|27|12|7|9|19|10|14|10|10|12|9|15|12|7|10|8|6|13|10|6|8|3|2|3|6|5|6|6|3|2|8|5|4|2|4|5|4|3|3|3|1|0|2|0|1|0|2|2|2|3|2|0|1|2|4|0|0|2|1|1|3|1|1|4|5|1|1|1|1|1|0|0|0|1|2|0|0|1|0|2|0|0|0|1|0|0|0|0|1|1|0|0|1|0|0|0|0|1|1|0|0|0|0|0|0|0|0|0|0|0|1|0|0|1|0|0|0|0|0|0|0|0|0|0|0|0|0|0|0|1|0|0|0|0|0|1</HistCounts>
      </HistItem>
    </Histograms>
    <Metadata>
      <MDI key="BandName">Band_1</MDI>
      <MDI key="RepresentationType">ATHEMATIC</MDI>
      <MDI key="STATISTICS_EXCLUDEDVALUES"></MDI>
      <MDI key="STATISTICS_MAXIMUM">6.8932147026062</MDI>
      <MDI key="STATISTICS_MEAN">1.2511444277629</MDI>
      <MDI key="STATISTICS_MEDIAN">nan</MDI>
      <MDI key="STATISTICS_MINIMUM">0</MDI>
      <MDI key="STATISTICS_SKIPFACTORX">1</MDI>
      <MDI key="STATISTICS_SKIPFACTORY">1</MDI>
      <MDI key="STATISTICS_STDDEV">0.9190479358756</MDI>
    </Metadata>
  </PAMRasterBand>
</PAMDataset>
