<?xml version="1.0" encoding="UTF-8"?>
<metadata xml:lang="en"><Esri><CreaDate>20220727</CreaDate><CreaTime>15192700</CreaTime><ArcGISFormat>1.0</ArcGISFormat><SyncOnce>TRUE</SyncOnce><DataProperties><lineage><Process ToolSource="c:\program files\arcgis\pro\Resources\ArcToolbox\toolboxes\Spatial Analyst Tools.tbx\Divide" Date="20220727" Time="151927">Divide R1km_W_Proximity_ORM.tif 1000 C:\Data\Prioritization\WheretToWork\on3_pilot\Tiffs\R1km_W_Proximity_ORM_km.tif</Process></lineage></DataProperties></Esri></metadata>
