<PAMDataset>
  <Metadata>
    <MDI key="DataType">Generic</MDI>
  </Metadata>
  <PAMRasterBand band="1">
    <Description>Band_1</Description>
    <Histograms>
      <HistItem>
        <HistMin>0</HistMin>
        <HistMax>19.30927467346191</HistMax>
        <BucketCount>256</BucketCount>
        <IncludeOutOfRange>1</IncludeOutOfRange>
        <Approximate>0</Approximate>
        <HistCounts>1197|119|126|156|192|239|357|526|809|513|580|759|872|935|915|1029|1025|486|404|374|327|234|184|174|130|109|99|72|69|74|58|47|47|42|29|42|28|26|31|17|27|27|17|21|23|15|16|16|12|7|21|12|13|15|15|16|9|11|8|10|10|12|10|5|5|8|4|13|8|11|8|6|7|6|7|3|6|2|6|4|7|1|5|6|3|4|4|5|4|5|9|2|4|2|3|4|1|3|3|2|2|3|4|1|7|4|3|3|4|2|3|4|3|1|1|2|0|0|1|0|1|2|2|1|1|2|1|1|2|2|1|0|1|4|1|0|0|2|1|2|0|2|0|1|0|2|1|1|1|4|3|1|0|1|0|2|0|0|1|0|1|0|1|0|1|0|0|0|0|1|0|0|0|2|1|0|0|0|0|0|0|1|0|0|1|0|0|0|0|0|2|0|0|0|0|0|0|0|1|0|0|0|0|0|0|0|1|0|0|0|0|0|0|0|0|0|0|0|0|0|0|0|1|0|0|0|0|0|0|0|0|0|1|0|1|0|0|0|0|1|0|0|0|0|0|0|0|1|0|0|0|0|0|0|0|1</HistCounts>
      </HistItem>
    </Histograms>
    <Metadata>
      <MDI key="BandName">Band_1</MDI>
      <MDI key="RepresentationType">ATHEMATIC</MDI>
      <MDI key="STATISTICS_EXCLUDEDVALUES"></MDI>
      <MDI key="STATISTICS_MAXIMUM">19.309274673462</MDI>
      <MDI key="STATISTICS_MEAN">1.1946568242832</MDI>
      <MDI key="STATISTICS_MEDIAN">nan</MDI>
      <MDI key="STATISTICS_MINIMUM">0</MDI>
      <MDI key="STATISTICS_SKIPFACTORX">1</MDI>
      <MDI key="STATISTICS_SKIPFACTORY">1</MDI>
      <MDI key="STATISTICS_STDDEV">1.2296372129534</MDI>
    </Metadata>
  </PAMRasterBand>
</PAMDataset>
