<?xml version="1.0" encoding="UTF-8"?>
<metadata xml:lang="en"><Esri><CreaDate>20221026</CreaDate><CreaTime>15185300</CreaTime><ArcGISFormat>1.0</ArcGISFormat><SyncOnce>TRUE</SyncOnce><DataProperties><lineage><Process ToolSource="c:\program files\arcgis\pro\Resources\ArcToolbox\toolboxes\Spatial Analyst Tools.tbx\Con" Date="20221026" Time="151239">Con R1km_W_Human_Disturbance.tif 1 C:\Data\Prioritization\WheretToWork\on3_pilot\Variables\Excludes\hfi_gte23.tif 0 "Value &gt;= 23"</Process><Process ToolSource="c:\program files\arcgis\pro\Resources\ArcToolbox\toolboxes\Data Management Tools.tbx\Copy" Date="20221026" Time="151853">Copy C:\Data\Prioritization\WheretToWork\on3_pilot\Variables\Excludes\hfi_gte23.tif C:\Data\Prioritization\WheretToWork\on3_pilot\Tiffs\hfi_gte23.tif "Raster Dataset" #</Process><Process ToolSource="c:\program files\arcgis\pro\Resources\ArcToolbox\toolboxes\Data Management Tools.tbx\Rename" Date="20221026" Time="151928">Rename C:\Data\Prioritization\WheretToWork\on3_pilot\Tiffs\hfi_gte23.tif C:\Data\Prioritization\WheretToWork\on3_pilot\Tiffs\R1km_E_Urban.tif RasterDataset</Process></lineage><itemProps><itemLocation><linkage Sync="TRUE">file://\\NCC-149X4M3\C$\Data\Prioritization\WheretToWork\on3_pilot\Tiffs\hfi_gte23.tif</linkage><protocol Sync="TRUE">Local Area Network</protocol></itemLocation></itemProps><copyHistory><copy source="C:\Data\Prioritization\WheretToWork\on3_pilot\Variables\Excludes\hfi_gte23.tif" dest="\\NCC-149X4M3\C$\Data\Prioritization\WheretToWork\on3_pilot\Tiffs\hfi_gte23.tif" date="20221026" time="15185300"></copy></copyHistory></DataProperties></Esri></metadata>
