<PAMDataset>
  <Metadata>
    <MDI key="DataType">Generic</MDI>
  </Metadata>
  <PAMRasterBand band="1">
    <Description>Band_1</Description>
    <Histograms>
      <HistItem>
        <HistMin>0</HistMin>
        <HistMax>205.1432647705078</HistMax>
        <BucketCount>256</BucketCount>
        <IncludeOutOfRange>1</IncludeOutOfRange>
        <Approximate>0</Approximate>
        <HistCounts>120|53|40|43|29|33|47|60|34|45|44|51|44|52|37|56|56|50|45|51|55|56|60|57|61|53|69|57|63|60|66|74|65|67|68|65|78|78|72|80|70|81|71|85|72|93|91|83|91|85|83|91|103|82|93|86|96|92|94|90|100|102|101|96|92|88|103|109|104|93|95|93|111|105|101|98|101|110|95|97|88|89|110|104|92|86|93|93|92|85|83|95|89|92|82|82|89|92|88|88|77|85|88|79|76|93|94|86|86|89|83|95|85|84|76|81|84|81|77|74|87|76|79|65|65|69|63|64|61|55|60|61|63|59|64|74|66|70|65|68|76|74|71|75|80|76|76|75|76|77|85|76|77|78|78|77|67|64|72|60|53|59|60|60|48|67|53|44|39|30|24|19|20|28|21|19|17|16|15|14|21|18|16|14|14|14|15|14|22|13|12|11|12|16|14|24|18|16|18|14|17|15|12|23|17|13|13|15|14|15|27|24|22|21|22|21|19|18|30|20|16|18|16|14|12|19|18|9|8|10|10|12|8|17|10|10|7|10|9|12|14|18|10|9|8|6|6|6|12|5|5|6|5|4|3|4</HistCounts>
      </HistItem>
    </Histograms>
    <Metadata>
      <MDI key="BandName">Band_1</MDI>
      <MDI key="RepresentationType">ATHEMATIC</MDI>
      <MDI key="STATISTICS_EXCLUDEDVALUES"></MDI>
      <MDI key="STATISTICS_MAXIMUM">205.14326477051</MDI>
      <MDI key="STATISTICS_MEAN">77.485898930073</MDI>
      <MDI key="STATISTICS_MEDIAN">nan</MDI>
      <MDI key="STATISTICS_MINIMUM">0</MDI>
      <MDI key="STATISTICS_SKIPFACTORX">1</MDI>
      <MDI key="STATISTICS_SKIPFACTORY">1</MDI>
      <MDI key="STATISTICS_STDDEV">44.279676624396</MDI>
    </Metadata>
  </PAMRasterBand>
</PAMDataset>
