<PAMDataset>
  <PAMRasterBand band="1">
    <Histograms>
      <HistItem>
        <HistMin>0</HistMin>
        <HistMax>37.99999999999999</HistMax>
        <BucketCount>39</BucketCount>
        <IncludeOutOfRange>1</IncludeOutOfRange>
        <Approximate>0</Approximate>
        <HistCounts>1403|38|94|134|200|184|327|391|622|887|972|1095|1253|1362|1297|1135|921|601|376|241|153|81|74|58|29|41|24|14|11|22|18|16|7|5|6|1|1|0|1</HistCounts>
      </HistItem>
    </Histograms>
    <Metadata>
      <MDI key="STATISTICS_EXCLUDEDVALUES"></MDI>
      <MDI key="STATISTICS_MAXIMUM">38</MDI>
      <MDI key="STATISTICS_MEAN">11.289535296204</MDI>
      <MDI key="STATISTICS_MEDIAN">nan</MDI>
      <MDI key="STATISTICS_MINIMUM">0</MDI>
      <MDI key="STATISTICS_SKIPFACTORX">1</MDI>
      <MDI key="STATISTICS_SKIPFACTORY">1</MDI>
      <MDI key="STATISTICS_STDDEV">5.5754650050408</MDI>
    </Metadata>
  </PAMRasterBand>
</PAMDataset>
